route,tid,inc,t0,t1,d_max,d_min,stopped_confirmed,med_abs_y,first_flag_t,first_flag_d,lead_t,lead_d,decel_t,stock_acc,op_long,flag55_t,flag55_d,adopt_t,adopt_d,onpath_pub_t,onpath_pub_d,adopt_noU11_t,adopt_noU11_d,replay_lead1_t,replay_lead1_d,flag55_vs_adopt,adopt_u11_gated
00000297--f971b5896f,6,13,1872.405796108,1912.249733827,94.375,5.5625,False,0.1954411984133933,1873.901855387,76.5,1877.119143839,29.9375,1876.203957738,0,1,1874.23183125,71.6875,1874.03,75.6,1874.03,75.6,1874.03,75.6,1877.13,30.4,same,no
0000025e--919b58ab81,59,10,719.104936151,733.857617537,127.6875,2.6875,False,0.8066531900181605,722.321594615,115.1875,727.516850758,33.875,725.347616889,1,0,729.174967487,15.75,725.61,60.1,,,725.61,60.1,724.26,79.5,flag later by 3.56 s,no
00000232--3a01619ce5,11,11,1281.570312981,1298.892424277,59.125,3.875,True,0.16826171519761143,1282.052113837,53.1875,1281.921902948,54.6875,1281.720045403,0,1,1282.372670893,49.5625,,,,,,,1281.89,55.6,n/a,"adopt never; no-U11 variant (None, None)"
00000236--60bfb34cb1,59,3,410.557134128,451.661893348,129.9375,4.1875,True,0.11476624230790336,412.044474759,114.375,411.299870061,122.75,411.230084726,0,1,413.449178611,93.8125,,,,,,,411.54,121.3,n/a,"adopt never; no-U11 variant (None, None)"
00000245--1356bb0355,28,12,1045.85005022,1059.204693054,70.4375,4.5625,True,0.043945595391417305,1046.854699518,57.375,1046.322654828,63.9375,1046.051993493,0,1,1047.186083673,53.125,1047.24,53.1,,,1047.24,53.1,1046.29,64.6,same,no
00000258--626242f48b,26,8,2891.099584737,2932.672668441,110.6875,3.9375,True,0.1306773583607191,2891.982764474,91.25,2893.461647217,75.75,2891.439855705,0,1,2894.326895836,66.9375,,,,,,,2893.42,76.4,n/a,"adopt never; no-U11 variant (None, None)"
0000026b--92b1979afa,16,14,2791.854167346,2800.659719139,101.875,5.75,True,2.1835011179103367,2792.52673655,95.0625,,,,0,0,2794.404815839,76.1875,,,,,,,,,n/a,"adopt never; no-U11 variant (None, None)"
00000271--4e9b9502db,52,6,1103.548743256,1130.468963814,127.9375,7.25,True,0.1249134062515263,1107.568189395,66.4375,1104.130390752,120.125,1103.548743256,0,0,1107.829819543,63.0625,1105.17,98.3,,,1105.17,98.3,1104.13,122.1,flag later by 2.66 s,no
00000277--2f5fd64a58,6,6,503.149816297,576.878373602,130.3125,6.1875,True,0.02636732161126929,511.681599421,41.5,505.303394528,117.375,504.356896647,1,0,509.53471858,62.625,506.37,105.2,,,506.27,105.4,505.27,118.6,flag later by 3.16 s,no
0000028b--ed67104f14,14,5,355.7741655,400.893061897,154.875,4.0625,True,0.2168067997185365,362.399600331,40.6875,357.102331914,115.875,356.768782077,0,1,362.820409097,35.4375,357.99,97.8,,,357.99,97.8,356.99,119.7,flag later by 4.83 s,no
00000293--9d152a3cdc,60,8,1105.719401884,1153.255564585,128.6875,5.3125,True,0.2710371285048325,1106.796891343,114.625,1106.796891343,114.625,1108.866611163,0,1,1111.698530244,64.875,,,,,,,1106.82,114.6,n/a,"adopt never; no-U11 variant (None, None)"
00000297--f971b5896f,56,11,1067.196813921,1091.037146115,95.25,8.125,True,0.24044538465225407,1071.967170959,63.0625,1069.747932718,78.875,1067.196813921,0,1,1073.778497834,43.1875,1078.79,13.1,,,1078.79,13.1,1069.74,79.5,flag earlier by 5.01 s,no
