route,tid,label,t,t_rel,vego,ontid,lead1,d,y,off,ym,re0,re1,res0,res1,edge_margin,ll1,ll2,llp1,llp2,lane_margin,lprob,lx,ly,desire,lcs,lcd,curv,pxend,onp
297,42,FP roadside,1824.781,0.0,9.23,42,none,28.625,4.883,-1.053,-4.883,-11.331,-2.273,2.854,0.829,2.61,-6.029,-2.297,0.119,0.026,1.147,0.065,33.69,-8.941,0,off,none,-0.016,53.725,True
297,42,FP roadside,1824.83,0.049,9.25,42,none,28.188,4.483,-1.209,-4.483,-10.755,-1.977,2.613,0.907,2.506,-5.829,-2.322,0.112,0.017,1.347,0.032,32.526,-9.371,0,off,none,-0.016,67.023,True
297,42,FP roadside,1824.88,0.1,9.27,42,none,28.188,4.483,-0.863,-4.483,-10.932,-1.743,2.545,0.886,2.74,-5.847,-2.296,0.125,0.027,1.364,0.103,32.781,-8.422,0,off,none,-0.016,54.894,True
297,42,FP roadside,1824.93,0.149,9.26,42,none,27.875,4.127,-0.997,-4.127,-10.318,-1.569,2.071,0.819,2.558,-5.739,-2.199,0.102,0.016,1.613,0.044,33.268,-8.981,0,off,none,-0.015,70.181,True
297,42,FP roadside,1824.981,0.201,9.25,42,none,27.938,3.857,-1.086,-3.857,-10.24,-1.217,2.508,0.854,2.641,-5.784,-2.144,0.124,0.027,1.714,0.062,32.742,-8.464,0,off,none,-0.015,75.53,True
297,42,FP roadside,1825.03,0.25,9.25,42,none,28.312,3.628,-1.245,-3.628,-10.195,-1.001,2.423,1.072,2.627,-5.811,-2.085,0.118,0.032,1.543,0.023,33.178,-8.879,0,off,none,-0.015,72.039,True
297,42,FP roadside,1825.08,0.3,9.27,42,none,28.312,3.628,-1.348,-3.628,-10.251,-0.876,2.124,1.089,2.752,-5.804,-2.133,0.139,0.025,1.495,0.024,34.361,-8.548,0,off,none,-0.015,59.524,True
297,42,FP roadside,1825.131,0.35,9.27,42,none,28.625,3.398,-1.324,-3.398,-10.115,-0.712,2.205,1.088,2.686,-5.743,-2.043,0.137,0.027,1.356,0.013,35.173,-8.961,0,off,none,-0.015,81.809,True
297,6,TP,1874.031,0.0,13.55,6,none,75.562,-13.878,1.534,13.878,6.273,18.793,0.986,0.604,4.914,9.696,13.231,0.66,0.106,-0.648,0.0,67.944,8.068,0,off,none,0.002,110.832,True
297,6,TP,1874.08,0.049,13.53,6,none,74.688,-13.906,0.857,13.906,4.701,17.318,0.989,0.642,3.412,8.562,12.163,0.568,0.08,-1.743,0.0,73.171,8.464,0,off,none,0.002,108.155,True
297,6,TP,1874.13,0.099,13.5,6,none,73.75,-13.881,0.545,13.881,4.807,17.491,1.032,0.687,3.61,8.549,12.202,0.486,0.089,-1.679,0.001,72.202,8.522,0,off,none,0.002,105.03,True
297,6,TP,1874.18,0.149,13.51,6,none,73.75,-13.881,1.166,13.881,5.625,18.124,0.969,0.58,4.244,9.437,13.075,0.559,0.067,-0.806,0.001,71.61,9.009,0,off,none,0.002,104.594,True
297,6,TP,1874.232,0.201,13.49,6,none,72.75,-13.876,0.974,13.876,5.48,18.08,0.818,0.575,4.203,9.382,12.979,0.637,0.099,-0.898,0.001,73.193,9.42,0,off,none,0.003,104.694,True
297,6,TP,1874.28,0.249,13.46,6,none,71.688,-13.783,0.723,13.783,4.938,17.398,0.819,0.534,3.616,8.822,12.542,0.591,0.051,-1.24,0.001,73.99,9.366,0,off,none,0.003,105.107,True
297,6,TP,1874.331,0.3,13.48,6,none,70.75,-13.71,0.233,13.71,5.309,17.641,0.811,0.631,3.932,9.146,12.808,0.672,0.074,-0.902,0.001,74.075,9.696,0,off,none,0.003,107.132,True
297,6,TP,1874.381,0.35,13.49,6,none,70.75,-13.71,1.2,13.71,5.718,18.029,0.866,0.706,4.32,9.143,12.851,0.537,0.065,-0.859,0.003,68.897,9.242,0,off,none,0.003,102.765,True
297,6,TP,1874.431,0.4,13.48,6,none,69.75,-13.622,1.456,13.622,5.593,17.99,0.795,0.638,4.367,9.175,12.784,0.593,0.09,-0.838,0.003,70.283,9.71,0,off,none,0.003,98.421,True
297,6,TP,1874.481,0.45,13.49,6,none,68.688,-13.519,-0.252,13.519,5.09,17.442,0.815,0.633,3.923,9.198,12.9,0.693,0.071,-0.619,0.009,72.795,10.625,0,off,none,0.004,101.656,True
297,6,TP,1874.531,0.5,13.48,6,none,67.875,-13.394,-1.016,13.394,4.306,16.094,0.877,0.59,2.7,8.449,11.942,0.624,0.085,-1.452,0.006,72.651,10.796,0,off,none,0.004,111.129,True
297,6,TP,1874.581,0.55,13.46,6,none,67.875,-13.394,-0.453,13.394,5.328,17.8,0.856,0.673,4.407,9.353,12.908,0.484,0.11,-0.486,0.011,72.064,11.384,0,off,none,0.004,101.891,True
297,6,TP,1874.629,0.598,13.46,6,none,67.0,-13.221,-0.588,13.221,4.932,17.313,0.859,0.701,4.092,9.093,12.525,0.47,0.128,-0.696,0.013,72.819,11.518,0,off,none,0.004,98.163,True
297,6,TP,1874.68,0.649,13.44,6,none,66.0,-13.057,-0.51,13.057,5.521,18.319,0.911,0.78,5.262,9.815,13.237,0.46,0.143,0.18,0.02,70.809,11.682,0,off,none,0.005,95.133,True
297,6,TP,1874.731,0.7,13.42,6,none,64.938,-12.847,-1.45,12.847,4.197,17.267,0.997,0.991,4.42,8.729,12.248,0.479,0.098,-0.599,0.02,75.852,11.965,0,off,none,0.005,96.943,False
297,6,TP,1874.779,0.748,13.42,6,none,64.938,-12.847,-0.784,12.847,4.859,18.378,0.915,1.107,5.531,9.119,12.86,0.49,0.058,0.013,0.024,73.875,11.993,0,off,none,0.005,90.872,False
297,6,TP,1874.83,0.799,13.41,6,none,64.0,-12.596,-0.469,12.596,4.75,18.792,0.857,1.337,6.196,9.048,12.844,0.489,0.061,0.248,0.037,71.528,12.167,0,off,none,0.005,89.112,False
297,6,TP,1874.88,0.849,13.38,6,none,62.938,-12.419,-1.295,12.419,4.072,17.371,0.79,0.947,4.952,8.464,12.239,0.617,0.047,-0.181,0.035,75.993,12.605,0,off,none,0.005,90.478,False
297,6,TP,1874.931,0.9,13.37,6,none,61.812,-12.135,-1.474,12.135,3.83,17.057,0.806,1.021,4.922,8.233,11.912,0.657,0.068,-0.223,0.043,73.802,12.437,0,off,none,0.006,88.475,False
297,6,TP,1874.981,0.95,13.35,6,none,61.812,-12.135,-1.599,12.135,3.651,16.808,0.811,1.018,4.674,8.184,11.778,0.684,0.065,-0.357,0.045,74.329,12.725,0,off,none,0.006,87.375,False
297,6,TP,1875.03,0.999,13.31,6,none,60.562,-11.828,-1.397,11.828,2.907,15.907,0.847,0.849,4.079,7.607,11.308,0.637,0.068,-0.52,0.048,76.174,13.171,0,off,none,0.006,95.448,False
297,6,TP,1875.08,1.049,13.32,6,none,59.438,-11.518,-1.169,11.518,3.64,16.649,0.766,0.929,5.131,7.916,11.685,0.584,0.062,0.167,0.082,72.832,12.955,0,off,none,0.006,88.896,False
297,6,TP,1875.13,1.099,13.32,6,none,58.312,-11.211,-1.373,11.211,3.105,16.805,0.873,1.231,5.594,7.549,11.348,0.571,0.102,0.137,0.07,70.241,12.506,0,off,none,0.006,86.65,False
297,6,TP,1875.18,1.149,13.29,6,none,58.312,-11.211,-1.31,11.211,3.295,16.708,0.783,1.029,5.497,7.597,11.429,0.659,0.087,0.218,0.095,70.15,12.424,0,off,none,0.006,80.599,False
297,6,TP,1875.229,1.198,13.29,6,none,57.25,-10.891,-1.211,10.891,3.19,16.928,0.825,1.246,6.037,7.514,11.284,0.58,0.098,0.393,0.112,68.032,12.701,0,off,none,0.006,82.595,False
297,6,TP,1875.28,1.249,13.28,6,none,56.188,-10.575,-1.228,10.575,2.768,16.873,0.865,1.263,6.298,7.086,10.907,0.542,0.096,0.331,0.113,66.444,12.518,0,off,none,0.006,82.695,False
297,6,TP,1875.33,1.299,13.25,6,none,55.125,-10.264,-1.669,10.264,1.898,16.237,1.044,1.307,5.973,6.642,10.343,0.621,0.155,0.079,0.119,67.521,12.674,0,off,none,0.006,80.285,False
297,6,TP,1875.38,1.349,13.25,6,none,55.125,-10.264,-1.326,10.264,2.666,16.365,1.023,1.245,6.102,7.258,10.901,0.553,0.145,0.638,0.161,65.545,12.363,0,off,none,0.006,74.836,False
297,6,TP,1875.431,1.4,13.21,6,none,54.0,-9.918,-0.969,9.918,2.659,16.306,1.146,1.343,6.388,7.044,10.709,0.437,0.171,0.791,0.189,61.037,12.103,0,off,none,0.006,74.474,False
297,6,TP,1875.479,1.448,13.17,6,none,52.875,-9.551,-1.082,9.551,2.134,16.263,1.15,1.468,6.712,6.805,10.381,0.503,0.256,0.83,0.184,60.631,11.782,0,off,none,0.006,71.671,False
297,6,TP,1875.532,1.501,13.17,6,none,51.688,-9.206,-0.763,9.206,2.428,16.698,1.229,1.753,6.778,6.909,10.577,0.454,0.25,1.371,0.177,57.875,11.63,0,off,none,0.006,71.034,False
297,6,TP,1875.58,1.549,13.14,6,none,51.688,-9.206,-0.673,9.206,1.988,16.297,1.234,1.541,7.09,6.764,10.281,0.552,0.324,1.075,0.139,59.999,12.126,0,off,none,0.006,66.354,False
297,6,TP,1875.629,1.598,13.11,6,none,50.375,-8.846,-0.607,8.846,1.78,16.246,1.184,1.868,7.066,6.397,10.083,0.522,0.319,1.237,0.182,57.138,11.494,0,off,none,0.007,64.975,False
297,6,TP,1875.679,1.648,13.11,6,none,49.188,-8.514,-0.663,8.514,1.367,15.807,1.101,1.694,7.147,6.19,9.755,0.591,0.403,1.241,0.209,57.067,11.604,0,off,none,0.007,61.931,False
297,6,TP,1875.731,1.7,13.07,6,none,49.188,-8.514,-0.689,8.514,1.349,15.93,1.122,1.668,7.164,6.272,9.803,0.652,0.507,1.289,0.281,57.796,11.375,0,off,none,0.007,61.282,False
297,6,TP,1875.78,1.749,13.03,6,none,47.938,-8.129,-0.657,8.129,0.853,15.199,1.184,1.601,7.07,5.84,9.378,0.561,0.466,1.249,0.289,54.951,10.787,0,off,none,0.007,59.636,False
297,6,TP,1875.831,1.8,13.01,6,none,46.625,-7.789,-0.389,7.789,0.887,15.338,1.085,1.878,6.902,5.709,9.225,0.716,0.422,1.436,0.322,55.164,10.952,0,off,none,0.007,57.998,False
297,6,TP,1875.881,1.85,12.98,6,none,45.25,-7.423,-0.197,7.423,0.884,14.655,1.048,2.014,6.539,5.555,9.075,0.753,0.342,1.652,0.343,51.49,9.637,0,off,none,0.007,51.904,False
297,6,TP,1875.931,1.9,12.94,-1,V,45.25,-7.423,-0.5,7.423,0.297,14.323,0.974,1.609,6.9,5.13,8.684,0.775,0.43,1.261,0.379,50.533,9.09,0,off,none,0.007,52.964,False
297,6,TP,1875.981,1.95,12.93,-1,R3,44.0,-7.086,-0.471,7.086,0.207,13.983,0.955,1.549,6.878,4.967,8.506,0.716,0.432,1.42,0.339,51.721,9.805,0,off,none,0.007,55.051,False
297,6,TP,1876.031,2.0,12.9,-1,R3,42.75,-6.777,-0.128,6.777,0.193,13.687,0.951,1.801,6.584,4.762,8.248,0.709,0.492,1.471,0.367,48.6,9.053,0,off,none,0.007,49.854,False
25e,59,"TP (moving lead, flag neg-control)",725.609,0.0,21.42,-1,R59,60.062,-0.235,0.184,0.235,-5.586,3.684,0.397,0.322,3.449,-1.468,1.977,0.973,0.932,1.703,0.959,70.321,0.711,0,off,none,0.0,112.335,True
25e,59,"TP (moving lead, flag neg-control)",725.657,0.047,21.32,-1,R59,59.062,-0.202,0.318,0.202,-5.496,4.126,0.396,0.365,3.924,-1.501,2.026,0.954,0.848,1.703,0.947,71.518,0.842,0,off,none,0.0,121.333,True
25e,59,"TP (moving lead, flag neg-control)",725.707,0.098,21.23,-1,R59,57.938,-0.141,0.358,0.141,-5.409,4.207,0.373,0.36,4.065,-1.43,2.078,0.96,0.876,1.571,0.963,70.05,0.875,0,off,none,0.0,122.041,True
25e,59,"TP (moving lead, flag neg-control)",725.76,0.15,21.11,-1,R59,57.938,-0.141,0.313,0.141,-5.65,4.392,0.414,0.381,4.251,-1.524,2.061,0.959,0.861,1.665,0.972,68.725,0.858,0,off,none,0.0,120.679,True
25e,59,"TP (moving lead, flag neg-control)",725.809,0.2,20.99,-1,R59,56.938,-0.111,0.341,0.111,-5.75,4.303,0.414,0.346,4.192,-1.496,2.041,0.958,0.882,1.608,0.959,68.289,0.883,0,off,none,0.0,117.968,True
25e,59,"TP (moving lead, flag neg-control)",725.859,0.25,20.89,-1,R59,56.062,-0.109,0.326,0.109,-5.675,4.518,0.422,0.365,4.408,-1.521,2.066,0.946,0.814,1.63,0.95,67.754,0.846,0,off,none,0.0,111.611,True
25e,59,"TP (moving lead, flag neg-control)",725.909,0.3,20.75,-1,R59,56.062,-0.109,0.383,0.109,-5.875,4.467,0.445,0.349,4.358,-1.496,2.107,0.933,0.796,1.606,0.94,65.287,0.852,0,off,none,0.0,104.202,True
25e,59,"TP (moving lead, flag neg-control)",725.959,0.35,20.64,-1,R59,55.062,-0.054,0.462,0.054,-5.715,4.535,0.418,0.406,4.481,-1.532,2.032,0.92,0.758,1.586,0.927,63.839,0.764,0,off,none,0.0,100.182,True
25e,59,"TP (moving lead, flag neg-control)",726.008,0.399,20.49,-1,R59,54.125,-0.026,0.57,0.026,-5.935,4.463,0.437,0.342,4.437,-1.636,2.037,0.895,0.764,1.663,0.923,63.216,0.846,0,off,none,0.0,101.636,True
25e,59,"TP (moving lead, flag neg-control)",726.059,0.449,20.38,-1,R59,53.25,0.0,0.618,-0.0,-5.668,4.589,0.419,0.366,4.589,-1.648,1.994,0.894,0.738,1.648,0.91,61.353,0.815,0,off,none,0.0,98.11,True
25e,59,"TP (moving lead, flag neg-control)",726.109,0.499,20.25,-1,R59,53.25,0.0,0.633,-0.0,-5.732,4.729,0.444,0.412,4.729,-1.668,1.995,0.89,0.776,1.668,0.896,61.299,0.819,0,off,none,0.0,90.672,True
25e,59,"TP (moving lead, flag neg-control)",726.159,0.549,20.12,-1,R59,52.438,0.026,0.749,-0.026,-5.64,4.373,0.486,0.365,4.398,-1.616,1.926,0.903,0.805,1.591,0.907,58.59,0.756,0,off,none,0.0,86.769,True
25e,59,"TP (moving lead, flag neg-control)",726.209,0.599,19.95,-1,R59,51.75,0.076,0.859,-0.076,-5.573,4.642,0.466,0.366,4.718,-1.615,1.971,0.906,0.806,1.539,0.885,56.954,0.745,0,off,none,0.0,78.415,True
25e,59,"TP (moving lead, flag neg-control)",726.258,0.649,19.86,-1,R59,51.125,0.1,0.87,-0.1,-5.743,4.419,0.426,0.352,4.519,-1.641,1.887,0.899,0.718,1.541,0.927,55.895,0.776,0,off,none,0.0,96.557,True
25e,59,"TP (moving lead, flag neg-control)",726.308,0.699,19.71,-1,R59,51.125,0.1,0.714,-0.1,-5.767,4.613,0.424,0.369,4.713,-1.643,1.92,0.914,0.794,1.543,0.922,56.559,0.628,0,off,none,0.0,84.467,True
25e,59,"TP (moving lead, flag neg-control)",726.359,0.749,19.56,-1,R59,50.375,0.148,0.777,-0.148,-5.725,4.557,0.429,0.334,4.704,-1.674,1.943,0.883,0.693,1.526,0.924,54.568,0.614,0,off,none,0.0,82.213,True
25e,59,"TP (moving lead, flag neg-control)",726.409,0.799,19.39,-1,R59,49.625,0.194,1.102,-0.194,-5.769,4.533,0.441,0.354,4.727,-1.714,1.909,0.84,0.566,1.52,0.892,53.641,0.667,0,off,none,0.0,79.174,True
25e,59,"TP (moving lead, flag neg-control)",726.458,0.849,19.25,-1,R59,48.812,0.215,1.681,-0.215,-5.807,4.498,0.462,0.322,4.712,-1.809,1.847,0.756,0.445,1.595,0.88,51.873,0.841,0,off,none,0.0,86.746,True
25e,59,"TP (moving lead, flag neg-control)",726.508,0.899,19.1,-1,R59,48.812,0.215,1.838,-0.215,-5.905,4.389,0.497,0.341,4.603,-1.783,1.858,0.723,0.368,1.569,0.852,51.249,0.815,0,off,none,0.0,73.551,True
25e,59,"TP (moving lead, flag neg-control)",726.559,0.949,18.92,-1,V,47.75,0.28,2.629,-0.28,-5.593,4.213,0.467,0.311,4.493,-1.765,1.885,0.55,0.281,1.485,0.816,50.288,1.322,0,off,none,0.0,79.102,False
25e,59,"TP (moving lead, flag neg-control)",726.609,0.999,18.77,-1,V,46.875,0.343,2.819,-0.343,-5.619,4.177,0.489,0.33,4.52,-1.843,1.828,0.539,0.261,1.499,0.818,48.717,1.452,0,off,none,0.0,82.459,False
25e,59,"TP (moving lead, flag neg-control)",726.659,1.049,18.6,-1,V,46.0,0.382,2.644,-0.382,-5.691,4.009,0.491,0.309,4.39,-1.9,1.751,0.448,0.177,1.518,0.835,47.381,1.218,0,off,none,0.0,77.798,False
25e,59,"TP (moving lead, flag neg-control)",726.708,1.099,18.41,-1,R59,46.0,0.382,2.201,-0.382,-5.863,4.068,0.548,0.316,4.45,-1.966,1.735,0.396,0.164,1.585,0.852,48.565,1.054,0,off,none,0.0,78.447,False
25e,59,"TP (moving lead, flag neg-control)",726.758,1.149,18.2,-1,R59,45.062,0.44,1.899,-0.44,-6.079,4.05,0.542,0.284,4.49,-2.033,1.693,0.361,0.139,1.593,0.874,49.048,0.939,0,off,none,0.0,81.008,False
25e,59,"TP (moving lead, flag neg-control)",726.809,1.199,18.05,-1,R59,44.125,0.474,1.682,-0.474,-6.196,3.991,0.564,0.282,4.465,-2.086,1.605,0.268,0.082,1.612,0.894,48.548,0.744,0,off,none,0.001,79.679,False
25e,59,"TP (moving lead, flag neg-control)",726.859,1.249,17.84,-1,R59,43.25,0.507,1.597,-0.507,-6.152,4.044,0.571,0.301,4.551,-2.109,1.596,0.228,0.055,1.602,0.893,46.798,0.648,0,off,none,0.001,81.681,False
25e,59,"TP (moving lead, flag neg-control)",726.908,1.299,17.7,-1,R59,43.25,0.507,1.989,-0.507,-5.741,4.011,0.624,0.296,4.518,-2.07,1.63,0.22,0.075,1.564,0.881,43.228,0.838,0,off,none,0.001,86.179,False
25e,59,"TP (moving lead, flag neg-control)",726.959,1.349,17.48,-1,R59,42.312,0.537,2.087,-0.537,-5.972,3.987,0.683,0.322,4.524,-2.065,1.594,0.239,0.058,1.527,0.897,41.6,0.915,0,off,none,0.001,87.034,False
25e,59,"TP (moving lead, flag neg-control)",727.009,1.4,17.37,-1,R59,41.375,0.586,2.043,-0.586,-6.318,4.04,0.806,0.323,4.626,-2.098,1.528,0.184,0.033,1.512,0.912,40.668,0.691,0,off,none,0.001,78.127,False
25e,59,"TP (moving lead, flag neg-control)",727.059,1.449,17.14,-1,R59,40.375,0.651,1.959,-0.651,-6.386,4.059,0.926,0.341,4.709,-2.041,1.553,0.162,0.027,1.39,0.933,38.334,0.64,0,off,none,0.001,85.705,False
25e,59,"TP (moving lead, flag neg-control)",727.108,1.499,17.02,-1,V,40.375,0.651,2.416,-0.651,-6.933,4.14,1.139,0.331,4.79,-2.134,1.47,0.083,0.018,1.483,0.926,38.925,0.963,0,off,none,0.001,97.888,False
25e,59,"TP (moving lead, flag neg-control)",727.159,1.549,16.85,-1,R59,39.5,0.675,1.732,-0.675,-7.209,4.041,1.111,0.326,4.716,-2.218,1.409,0.101,0.022,1.543,0.944,42.887,0.53,0,off,none,0.001,90.565,False
25e,59,"TP (moving lead, flag neg-control)",727.209,1.6,16.68,-1,R59,38.5,0.714,1.597,-0.714,-7.012,3.908,1.021,0.331,4.623,-2.258,1.337,0.091,0.016,1.544,0.937,43.06,0.388,0,off,none,0.001,86.634,False
25e,59,"TP (moving lead, flag neg-control)",727.259,1.649,16.5,-1,R59,37.5,0.751,1.551,-0.751,-6.527,4.004,0.888,0.344,4.754,-2.154,1.453,0.117,0.019,1.403,0.937,37.345,0.375,0,off,none,0.001,85.922,False
25e,59,"TP (moving lead, flag neg-control)",727.309,1.699,16.31,-1,R59,37.5,0.751,1.604,-0.751,-7.04,4.142,1.022,0.378,4.893,-2.182,1.417,0.089,0.015,1.431,0.938,38.2,0.466,0,off,none,0.001,84.412,False
25e,59,"TP (moving lead, flag neg-control)",727.359,1.75,16.14,-1,R59,36.562,0.768,1.613,-0.768,-7.234,3.954,1.037,0.414,4.721,-2.273,1.339,0.109,0.018,1.506,0.933,38.179,0.426,0,off,none,0.001,88.146,False
25e,59,"TP (moving lead, flag neg-control)",727.409,1.8,15.96,-1,R59,35.625,0.8,1.495,-0.8,-6.573,4.152,0.731,0.438,4.953,-2.307,1.351,0.122,0.014,1.507,0.928,37.778,0.314,0,off,none,0.001,90.52,False
25e,59,"TP (moving lead, flag neg-control)",727.457,1.848,15.79,-1,R59,35.625,0.8,1.683,-0.8,-6.794,4.105,0.783,0.382,4.905,-2.43,1.348,0.101,0.019,1.63,0.894,38.632,0.563,0,off,none,0.001,83.151,False
25e,59,"TP (moving lead, flag neg-control)",727.508,1.899,15.63,-1,R59,34.688,0.813,1.312,-0.813,-6.464,3.761,0.797,0.375,4.574,-2.359,1.325,0.233,0.052,1.546,0.921,38.827,0.101,0,off,none,0.001,67.499,False
25e,59,"TP (moving lead, flag neg-control)",727.556,1.947,15.45,-1,R59,33.875,0.86,1.315,-0.86,-6.096,3.661,0.752,0.407,4.522,-2.393,1.321,0.283,0.058,1.533,0.93,36.823,0.054,0,off,none,0.001,69.521,False
25e,59,"TP (moving lead, flag neg-control)",727.607,1.997,15.3,-1,R59,33.0,0.886,1.383,-0.886,-6.25,3.893,0.736,0.421,4.779,-2.355,1.338,0.341,0.076,1.468,0.939,36.778,0.072,0,off,none,0.0,67.017,False
245,28,TP,1047.24,0.0,12.14,-1,R28,53.125,0.311,0.294,-0.311,-6.613,5.283,0.755,0.708,5.594,-2.217,1.662,0.688,0.417,1.906,0.908,56.527,0.159,0,off,none,-0.0,64.93,True
245,28,TP,1047.29,0.05,12.12,-1,R28,52.438,0.333,0.21,-0.333,-6.703,5.555,0.788,0.829,5.887,-2.195,1.626,0.754,0.425,1.863,0.895,55.976,0.034,0,off,none,-0.001,61.318,True
245,28,TP,1047.34,0.1,12.07,-1,R28,52.438,0.333,0.091,-0.333,-7.449,5.357,0.897,0.795,5.69,-2.311,1.519,0.807,0.528,1.852,0.906,58.079,-0.092,0,off,none,-0.001,59.977,True
245,28,TP,1047.388,0.148,12.01,-1,R28,51.75,0.379,0.06,-0.379,-6.939,5.572,0.88,0.818,5.951,-2.256,1.512,0.771,0.552,1.877,0.919,57.754,-0.278,0,off,none,-0.001,59.802,True
245,28,TP,1047.441,0.201,11.98,-1,R28,51.062,0.399,0.109,-0.399,-6.744,5.414,0.81,0.733,5.813,-2.242,1.606,0.756,0.489,1.843,0.912,57.959,-0.268,0,off,none,-0.001,60.369,True
245,28,TP,1047.489,0.248,11.92,-1,R28,50.438,0.419,0.074,-0.419,-6.459,5.56,0.801,0.849,5.979,-2.253,1.675,0.746,0.454,1.834,0.927,57.126,-0.309,0,off,none,-0.001,60.595,True
245,28,TP,1047.54,0.3,11.88,-1,R28,50.438,0.419,0.015,-0.419,-6.47,5.434,0.83,0.892,5.853,-2.281,1.706,0.772,0.454,1.863,0.937,56.423,-0.342,0,off,none,-0.001,60.282,True
245,28,TP,1047.59,0.35,11.85,-1,R28,49.688,0.437,0.048,-0.437,-6.793,5.351,0.901,0.839,5.788,-2.325,1.528,0.681,0.46,1.889,0.91,58.21,-0.394,0,off,none,-0.001,59.27,True
245,28,TP,1047.639,0.399,11.8,-1,R28,49.062,0.431,0.057,-0.431,-6.751,5.159,0.843,0.828,5.59,-2.271,1.606,0.816,0.522,1.84,0.903,57.764,-0.38,0,off,none,-0.001,56.729,True
245,28,TP,1047.689,0.449,11.73,-1,R28,49.062,0.431,0.036,-0.431,-6.296,4.958,0.854,0.82,5.389,-2.204,1.404,0.71,0.454,1.773,0.917,54.799,-0.467,0,off,none,-0.001,54.898,True
245,28,TP,1047.741,0.5,11.68,-1,R28,48.438,0.426,-0.007,-0.426,-6.335,5.185,0.889,0.847,5.611,-2.157,1.416,0.752,0.513,1.731,0.913,54.682,-0.594,0,off,none,-0.001,54.293,True
245,28,TP,1047.79,0.55,11.62,-1,R28,47.938,0.445,0.021,-0.445,-6.891,5.207,0.983,0.804,5.652,-2.147,1.418,0.788,0.537,1.702,0.938,52.481,-0.574,0,off,none,-0.001,51.52,True
245,28,TP,1047.839,0.598,11.55,-1,R28,47.25,0.438,-0.015,-0.438,-7.571,5.225,1.106,0.803,5.663,-2.214,1.406,0.69,0.53,1.775,0.938,53.466,-0.628,0,off,none,-0.001,51.089,False
245,28,TP,1047.891,0.65,11.5,-1,R28,46.562,0.409,-0.11,-0.409,-7.448,5.405,1.105,1.078,5.815,-2.304,1.282,0.685,0.452,1.692,0.963,51.627,-0.628,0,off,none,-0.001,53.157,False
245,28,TP,1047.941,0.701,11.48,-1,R28,46.562,0.409,-0.109,-0.409,-7.32,5.281,1.194,0.963,5.69,-2.293,1.207,0.637,0.354,1.617,0.959,51.885,-0.642,0,off,none,-0.001,51.57,False
245,28,TP,1047.989,0.749,11.44,-1,R28,46.125,0.405,-0.119,-0.405,-7.523,5.237,1.199,1.039,5.643,-2.46,1.059,0.734,0.418,1.464,0.961,48.822,-0.617,0,off,none,-0.001,47.578,False
245,28,TP,1048.039,0.798,11.36,-1,R28,45.438,0.399,-0.056,-0.399,-7.9,5.447,1.359,1.185,5.846,-2.214,1.444,0.723,0.518,1.815,0.958,50.365,-0.622,0,off,none,-0.001,47.906,False
245,28,TP,1048.09,0.85,11.33,-1,R28,44.812,0.394,-0.034,-0.394,-7.577,5.187,1.281,0.971,5.581,-2.172,1.509,0.753,0.713,1.779,0.964,49.65,-0.545,0,off,none,-0.001,47.416,False
245,28,TP,1048.14,0.899,11.28,-1,R28,44.812,0.394,0.037,-0.394,-7.642,6.182,1.552,1.276,6.575,-1.856,1.661,0.854,0.765,1.462,0.98,49.685,-0.361,0,off,none,-0.001,50.267,False
245,28,TP,1048.191,0.95,11.21,-1,R28,44.188,0.41,nan,-0.41,-7.027,5.358,1.487,0.999,5.768,-1.783,1.657,0.855,0.793,1.373,0.972,46.736,-0.277,0,off,none,-0.001,43.661,False
245,28,TP,1048.239,0.998,11.14,-1,R28,43.5,0.446,0.111,-0.446,-7.366,5.426,1.535,1.066,5.872,-1.916,1.556,0.859,0.699,1.47,0.952,47.963,-0.584,0,off,none,-0.001,45.502,False
245,28,TP,1048.29,1.05,11.1,-1,R28,43.0,0.504,0.131,-0.504,-7.02,5.571,1.42,1.009,6.075,-2.002,1.491,0.792,0.773,1.498,0.932,47.885,-0.54,0,off,none,-0.002,45.427,False
245,28,TP,1048.34,1.1,11.03,-1,R28,43.0,0.504,0.109,-0.504,-6.692,5.78,1.197,0.991,6.188,-2.01,1.511,0.895,0.858,1.506,0.893,48.359,-0.499,0,off,none,-0.002,45.312,False
245,28,TP,1048.388,1.148,10.97,-1,R28,42.375,0.579,0.073,-0.579,-7.159,6.076,1.58,1.143,6.58,-2.103,1.386,0.835,0.864,1.524,0.879,49.367,-0.652,0,off,none,-0.002,47.088,False
245,28,TP,1048.441,1.2,10.93,-1,R28,41.812,0.653,0.195,-0.653,-7.38,6.018,1.518,0.98,6.671,-2.119,1.354,0.854,0.85,1.465,0.866,47.115,-0.704,0,off,none,-0.002,42.874,False
245,28,TP,1048.49,1.249,10.93,-1,R28,41.812,0.653,0.16,-0.653,-7.469,6.163,1.513,1.058,6.816,-2.258,1.268,0.794,0.873,1.605,0.856,46.328,-0.79,0,off,none,-0.002,42.057,False
245,28,TP,1048.54,1.3,10.88,-1,R28,41.188,0.704,nan,-0.704,-7.617,6.259,1.689,1.007,6.913,-2.152,1.413,0.818,0.882,1.448,0.893,44.575,-0.658,0,off,none,-0.002,38.513,False
245,28,TP,1048.59,1.35,10.84,-1,R28,40.5,0.752,nan,-0.752,-7.475,6.269,1.748,1.156,6.724,-2.367,1.251,0.719,0.842,1.615,0.87,45.12,-0.833,0,off,none,-0.003,39.589,False
245,28,TP,1048.64,1.4,10.83,-1,R28,40.0,0.781,nan,-0.781,-7.393,6.156,1.647,1.173,6.612,-2.294,1.247,0.792,0.783,1.512,0.848,44.448,-0.91,0,off,none,-0.003,38.567,False
245,28,TP,1048.69,1.45,10.81,-1,R28,40.0,0.781,nan,-0.781,-7.168,6.266,1.465,1.227,6.387,-2.281,1.296,0.804,0.797,1.5,0.872,44.153,-0.955,0,off,none,-0.003,38.995,False
245,28,TP,1048.74,1.5,10.76,-1,R28,39.312,0.806,nan,-0.806,-7.391,6.001,1.345,1.306,6.585,-2.492,1.187,0.737,0.801,1.685,0.868,41.64,-0.959,0,off,none,-0.003,34.887,False
245,28,TP,1048.79,1.55,10.73,-1,R28,38.75,0.833,nan,-0.833,-7.934,6.448,1.556,1.348,7.101,-2.509,1.23,0.667,0.849,1.676,0.911,41.235,-0.912,0,off,none,-0.003,36.737,False
245,28,TP,1048.84,1.6,10.71,-1,R28,38.188,0.858,nan,-0.858,-7.573,6.453,1.458,1.393,6.715,-2.503,1.226,0.709,0.877,1.645,0.916,40.274,-0.911,0,off,none,-0.003,35.632,False
245,28,TP,1048.89,1.649,10.67,-1,R28,38.188,0.858,nan,-0.858,-7.556,6.759,1.414,1.426,6.698,-2.529,1.246,0.725,0.898,1.671,0.891,40.255,-0.929,0,off,none,-0.003,35.051,False
245,28,TP,1048.94,1.7,10.6,-1,R28,37.688,0.847,nan,-0.847,-7.593,6.712,1.53,1.304,6.746,-2.661,1.154,0.603,0.909,1.815,0.881,41.498,-0.984,0,off,none,-0.003,36.015,False
245,28,TP,1048.99,1.75,10.53,-1,R28,37.062,0.869,nan,-0.869,-7.185,6.99,1.38,1.349,6.317,-2.555,1.108,0.728,0.906,1.687,0.907,40.618,-1.043,0,off,none,-0.003,35.931,False
245,28,TP,1049.041,1.8,10.47,-1,R28,36.438,0.89,0.108,-0.89,-7.082,7.24,1.254,1.392,6.192,-2.525,1.169,0.756,0.935,1.636,0.934,40.694,-1.057,0,off,none,-0.003,37.179,False
245,28,TP,1049.091,1.85,10.39,-1,R28,35.75,0.943,0.178,-0.943,-7.751,6.939,1.413,1.371,6.808,-2.593,1.172,0.75,0.923,1.65,0.952,40.146,-1.032,0,off,none,-0.003,38.394,False
245,28,TP,1049.139,1.898,10.29,-1,R28,35.75,0.943,nan,-0.943,-7.312,6.786,1.316,1.297,6.369,-2.509,1.181,0.779,0.927,1.567,0.928,39.047,-0.965,0,off,none,-0.003,32.18,False
245,28,TP,1049.191,1.951,10.2,-1,R28,35.062,0.925,nan,-0.925,-7.636,6.441,1.29,1.152,6.711,-2.543,1.206,0.79,0.914,1.618,0.908,38.436,-1.007,0,off,none,-0.003,31.565,False
271,52,TP,1105.174,0.0,16.74,-1,R52,98.312,-0.048,0.046,0.048,-6.649,6.326,1.249,0.379,6.278,-0.575,4.335,0.265,0.202,0.623,0.421,108.014,0.069,0,off,none,0.0,118.952,True
271,52,TP,1105.226,0.052,16.66,-1,R52,98.312,-0.048,0.195,0.048,-6.695,6.201,1.01,0.363,6.153,-0.604,4.233,0.301,0.241,0.652,0.418,105.277,0.316,0,off,none,0.0,123.013,True
271,52,TP,1105.275,0.101,16.58,-1,R52,97.188,-0.047,0.257,0.047,-6.443,6.064,0.95,0.378,6.016,-0.814,3.986,0.247,0.184,0.861,0.398,110.346,0.296,0,off,none,0.0,123.684,True
271,52,TP,1105.325,0.151,16.53,-1,R52,96.062,-0.047,-0.12,0.047,-6.717,5.649,0.97,0.41,5.602,-1.424,3.467,0.22,0.257,1.471,0.525,97.789,-0.018,0,off,none,0.0,115.499,True
271,52,TP,1105.376,0.202,16.48,-1,R52,95.062,0.0,0.19,-0.0,-6.041,6.108,0.944,0.452,6.041,-0.951,3.854,0.212,0.185,0.951,0.457,99.205,0.199,0,off,none,0.0,114.374,True
271,52,TP,1105.425,0.251,16.43,-1,R52,95.062,0.0,0.206,-0.0,-6.345,6.042,0.999,0.43,6.042,-1.029,3.926,0.222,0.254,1.029,0.528,101.51,0.241,0,off,none,0.0,115.697,True
271,52,TP,1105.475,0.301,16.38,-1,R52,94.125,-0.046,0.11,0.046,-6.525,5.938,1.01,0.473,5.892,-1.316,3.563,0.219,0.251,1.362,0.497,100.748,0.225,0,off,none,0.0,117.573,True
271,52,TP,1105.525,0.352,16.31,-1,R52,93.25,-0.046,-0.243,0.046,-7.874,5.857,1.004,0.472,5.812,-1.888,3.08,0.196,0.23,1.934,0.478,103.357,-0.141,0,off,none,0.0,112.035,True
271,52,TP,1105.575,0.401,16.26,-1,R52,92.062,-0.045,0.016,0.045,-7.551,5.756,1.015,0.419,5.711,-1.715,3.189,0.237,0.282,1.76,0.524,105.382,0.121,0,off,none,0.0,110.579,True
271,52,TP,1105.625,0.451,16.21,-1,R52,92.062,-0.045,0.054,0.045,-7.089,6.229,0.928,0.409,6.185,-1.475,3.607,0.248,0.254,1.52,0.598,106.188,0.216,0,off,none,0.0,110.657,True
271,52,TP,1105.675,0.501,16.11,-1,R52,91.312,0.0,0.111,-0.0,-7.433,6.291,0.959,0.453,6.291,-1.768,3.199,0.258,0.272,1.768,0.597,103.133,0.218,0,off,none,0.0,111.806,True
271,52,TP,1105.724,0.55,16.06,-1,R52,90.5,0.0,-0.008,-0.0,-6.973,5.86,1.032,0.459,5.86,-1.502,3.183,0.253,0.255,1.502,0.63,106.121,0.153,0,off,none,0.0,107.053,True
271,52,TP,1105.774,0.6,15.99,-1,R52,89.688,0.044,0.014,-0.044,-6.924,5.911,0.948,0.481,5.955,-1.632,3.076,0.313,0.273,1.589,0.666,99.764,0.165,0,off,none,0.0,110.593,True
271,52,TP,1105.823,0.649,15.95,-1,R52,89.688,0.044,0.007,-0.044,-7.364,5.999,1.045,0.526,6.043,-1.426,3.281,0.232,0.242,1.382,0.792,91.609,0.09,0,off,none,0.0,108.187,True
271,52,TP,1105.875,0.702,15.88,-1,R52,88.875,0.0,-0.099,-0.0,-7.243,6.105,0.999,0.576,6.105,-1.701,2.977,0.248,0.257,1.701,0.722,93.369,-0.009,0,off,none,0.0,107.236,True
271,52,TP,1105.923,0.75,15.83,-1,R52,88.125,-0.043,-0.18,0.043,-7.197,5.786,1.037,0.571,5.743,-1.904,2.821,0.241,0.209,1.947,0.73,99.119,-0.029,0,off,none,0.0,107.594,True
271,52,TP,1105.973,0.8,15.78,-1,R52,87.25,-0.043,-0.02,0.043,-6.591,5.877,0.994,0.61,5.834,-1.865,2.778,0.281,0.308,1.907,0.81,100.826,0.192,0,off,none,0.0,103.111,True
271,52,TP,1106.023,0.849,15.7,-1,R52,87.25,-0.043,-0.158,0.043,-6.612,6.278,0.893,0.564,6.236,-1.827,2.849,0.328,0.274,1.87,0.655,106.384,-0.014,0,off,none,0.0,104.937,True
271,52,TP,1106.075,0.901,15.62,-1,R52,86.25,-0.042,-0.171,0.042,-7.289,6.426,1.134,0.572,6.384,-1.989,2.757,0.286,0.302,2.031,0.691,103.674,-0.05,0,off,none,0.0,102.262,True
271,52,TP,1106.126,0.952,15.55,-1,R52,85.312,-0.042,-0.012,0.042,-6.896,6.03,0.947,0.517,5.988,-2.009,2.67,0.293,0.286,2.05,0.841,93.064,0.057,0,off,none,0.0,95.16,True
271,52,TP,1106.175,1.001,15.48,-1,R52,84.312,-0.041,0.018,0.041,-7.023,6.122,0.934,0.501,6.081,-2.029,2.727,0.281,0.248,2.07,0.842,94.802,0.157,0,off,none,0.0,95.778,True
271,52,TP,1106.223,1.05,15.41,-1,R52,84.312,-0.041,-0.052,0.041,-6.876,6.262,0.965,0.592,6.221,-2.044,2.689,0.28,0.304,2.086,0.831,94.081,0.188,0,off,none,-0.0,99.84,True
271,52,TP,1106.273,1.099,15.34,-1,R52,83.375,0.0,0.014,-0.0,-6.754,5.883,1.098,0.659,5.883,-1.913,2.336,0.303,0.264,1.913,0.898,90.397,0.1,0,off,none,-0.0,93.759,True
271,52,TP,1106.324,1.15,15.24,-1,R52,82.312,0.0,-0.096,-0.0,-7.386,5.599,1.2,0.602,5.599,-2.271,2.135,0.288,0.27,2.135,0.866,92.676,-0.028,0,off,none,-0.0,91.751,True
271,52,TP,1106.374,1.2,15.17,-1,R52,82.312,0.0,-0.069,-0.0,-7.576,5.598,1.101,0.609,5.598,-1.973,1.987,0.356,0.195,1.973,0.798,92.811,-0.014,0,off,none,-0.0,90.552,True
271,52,TP,1106.424,1.25,15.09,-1,R52,81.312,-0.04,-0.185,0.04,-7.494,5.409,1.183,0.622,5.37,-1.902,1.931,0.311,0.186,1.891,0.791,96.928,-0.028,0,off,none,-0.0,96.141,True
271,52,TP,1106.473,1.299,15.03,-1,R52,80.438,-0.039,-0.124,0.039,-7.547,5.47,1.044,0.601,5.431,-1.862,2.017,0.386,0.19,1.901,0.811,97.382,0.022,0,off,none,-0.0,92.102,True
271,52,TP,1106.525,1.352,14.96,-1,R52,79.688,-0.078,-0.173,0.078,-7.394,5.471,1.041,0.615,5.393,-1.934,1.965,0.394,0.214,1.888,0.816,95.277,-0.009,0,off,none,-0.0,90.255,True
271,52,TP,1106.575,1.401,14.87,-1,R52,79.688,-0.078,-0.101,0.078,-7.648,5.885,1.048,0.592,5.807,-1.836,2.127,0.451,0.234,1.914,0.912,84.518,0.14,0,off,none,-0.0,86.536,True
271,52,TP,1106.626,1.452,14.81,-1,R52,78.812,-0.038,-0.08,0.038,-6.934,6.035,0.874,0.593,5.996,-1.848,2.153,0.377,0.19,1.887,0.879,82.636,0.031,0,off,none,-0.0,85.035,True
271,52,TP,1106.673,1.499,14.7,-1,R52,78.0,-0.076,0.087,0.076,-7.109,6.028,0.929,0.589,5.952,-1.605,2.355,0.402,0.269,1.681,0.911,77.825,0.228,0,off,none,-0.0,82.238,True
271,52,TP,1106.725,1.551,14.61,-1,R52,77.188,-0.075,-0.002,0.075,-7.667,6.127,1.041,0.696,6.052,-1.627,2.31,0.411,0.291,1.703,0.889,86.383,0.165,0,off,none,0.0,85.925,True
271,52,TP,1106.777,1.603,14.51,-1,R52,77.188,-0.075,0.19,0.075,-6.796,5.777,0.955,0.729,5.702,-1.285,2.553,0.342,0.216,1.36,0.877,81.611,0.368,0,off,none,0.0,78.77,True
271,52,TP,1106.825,1.651,14.41,-1,R52,76.438,-0.037,0.097,0.037,-7.231,5.633,0.984,0.725,5.596,-1.553,2.265,0.383,0.294,1.591,0.889,84.312,0.176,0,off,none,0.0,83.201,True
271,52,TP,1106.874,1.701,14.32,-1,R52,75.562,-0.074,nan,0.074,-7.16,5.822,0.942,0.651,5.748,-1.652,2.147,0.405,0.332,1.726,0.847,75.14,0.138,0,off,none,0.0,70.312,False
271,52,TP,1106.923,1.749,14.24,-1,R52,75.562,-0.074,-0.05,0.074,-7.552,5.838,1.035,0.635,5.764,-1.903,1.988,0.53,0.444,1.914,0.875,79.446,0.015,0,off,none,0.0,77.028,False
271,52,TP,1106.973,1.799,14.14,-1,R52,74.812,-0.073,nan,0.073,-7.058,5.818,0.989,0.757,5.745,-1.875,1.832,0.425,0.454,1.759,0.864,77.325,0.035,0,off,none,0.0,74.277,False
271,52,TP,1107.025,1.851,14.08,-1,R52,74.0,-0.036,0.048,0.036,-7.69,5.959,1.109,0.735,5.923,-1.9,1.695,0.54,0.578,1.658,0.882,81.095,0.002,0,off,none,-0.0,81.182,False
271,52,TP,1107.074,1.9,14.0,-1,R52,73.188,-0.036,nan,0.036,-7.565,5.7,1.094,0.704,5.664,-1.71,1.909,0.505,0.426,1.746,0.848,79.614,0.246,0,off,none,-0.0,72.056,False
271,52,TP,1107.126,1.952,13.9,-1,R52,72.312,0.0,0.165,-0.0,-7.085,5.858,1.231,0.697,5.858,-2.023,1.887,0.419,0.498,1.887,0.896,76.427,0.155,0,off,none,-0.0,75.312,False
271,52,TP,1107.173,2.0,13.82,-1,R52,72.312,0.0,0.191,-0.0,-6.915,5.784,1.237,0.735,5.784,-1.935,1.761,0.359,0.576,1.761,0.924,72.285,0.174,0,off,none,-0.0,74.841,False
277,6,TP,506.368,0.0,19.04,-1,R6,105.188,0.462,0.125,-0.462,-7.989,8.043,1.469,1.751,7.527,-2.337,1.648,0.892,0.378,1.875,0.518,93.45,-0.124,0,off,none,-0.0,122.132,True
277,6,TP,506.418,0.05,18.95,-1,R6,104.688,0.511,0.206,-0.511,-8.059,8.548,1.436,1.428,7.548,-2.306,1.881,0.878,0.505,1.795,0.495,101.553,-0.092,0,off,none,-0.0,122.12,True
277,6,TP,506.468,0.1,18.89,-1,R6,104.75,0.511,0.276,-0.511,-8.397,8.99,1.814,1.728,7.885,-1.918,2.086,0.878,0.366,1.407,0.461,102.738,0.203,0,off,none,-0.0,121.814,True
277,6,TP,506.518,0.151,18.76,-1,R6,104.75,0.511,0.105,-0.511,-7.704,8.143,1.42,1.372,7.193,-2.209,1.696,0.912,0.245,1.698,0.7,96.856,0.028,0,off,none,-0.0,113.606,True
277,6,TP,506.567,0.199,18.7,-1,R6,104.688,0.511,0.08,-0.511,-7.528,9.162,1.631,1.427,7.017,-2.097,1.881,0.847,0.231,1.585,0.547,101.399,-0.032,0,off,none,-0.0,119.018,True
277,6,TP,506.616,0.249,18.56,-1,R6,104.5,0.51,0.193,-0.51,-8.076,8.836,1.663,1.255,7.565,-1.771,2.196,0.839,0.241,1.261,0.586,97.534,-0.087,0,off,none,-0.0,117.054,True
277,6,TP,506.666,0.298,18.5,-1,R6,104.25,0.458,0.159,-0.458,-7.76,9.12,1.478,1.296,7.302,-1.863,2.097,0.888,0.327,1.404,0.654,92.947,-0.013,0,off,none,-0.0,115.438,True
277,6,TP,506.718,0.351,18.37,-1,R6,104.25,0.458,0.17,-0.458,-8.011,9.721,1.551,1.513,7.553,-1.661,2.263,0.901,0.289,1.203,0.506,102.379,0.084,0,off,none,-0.0,113.456,True
277,6,TP,506.766,0.399,18.3,-1,R6,103.812,0.456,0.044,-0.456,-9.219,9.33,1.531,1.917,8.763,-2.168,1.805,0.916,0.343,1.712,0.554,100.317,-0.056,0,off,none,-0.0,118.51,False
277,6,TP,506.819,0.451,18.19,-1,R6,103.312,0.454,0.191,-0.454,-8.784,8.595,1.531,1.846,8.33,-1.934,2.006,0.915,0.478,1.48,0.503,105.321,0.002,0,off,none,-0.0,114.682,False
277,6,TP,506.868,0.5,18.12,-1,R6,103.312,0.454,0.159,-0.454,-8.725,8.094,1.534,1.823,8.271,-2.179,1.707,0.908,0.394,1.725,0.547,101.955,-0.07,0,off,none,-0.0,110.62,False
277,6,TP,506.917,0.549,18.02,-1,R6,102.875,0.452,0.22,-0.452,-8.468,8.203,1.52,1.91,8.016,-2.107,1.789,0.894,0.32,1.655,0.598,100.001,-0.042,0,off,none,-0.0,106.937,False
277,6,TP,506.966,0.598,17.93,-1,R6,102.438,0.45,0.233,-0.45,-8.44,9.059,1.612,1.995,7.99,-1.848,2.051,0.872,0.27,1.398,0.381,108.155,-0.032,0,off,none,-0.0,113.374,False
277,6,TP,507.018,0.65,17.82,-1,R6,101.812,0.398,0.18,-0.398,-9.029,9.339,1.584,1.721,8.631,-1.93,1.935,0.918,0.355,1.532,0.585,98.689,0.002,0,off,none,-0.0,109.187,False
277,6,TP,507.067,0.7,17.75,-1,R6,101.812,0.398,0.032,-0.398,-8.884,9.327,1.535,1.74,8.486,-2.046,1.814,0.882,0.368,1.648,0.585,95.623,-0.017,0,off,none,-0.0,107.664,False
277,6,TP,507.117,0.749,17.67,-1,R6,101.25,0.445,0.148,-0.445,-8.853,9.039,1.577,1.797,8.408,-1.954,1.89,0.88,0.346,1.51,0.604,96.581,-0.043,0,off,none,-0.0,105.152,False
277,6,TP,507.169,0.801,17.57,-1,R6,100.562,0.442,0.051,-0.442,-8.48,9.148,1.612,1.787,8.038,-2.307,1.628,0.672,0.347,1.866,0.447,104.953,-0.118,0,off,none,-0.0,111.966,False
277,6,TP,507.217,0.85,17.45,-1,R6,100.0,0.439,0.184,-0.439,-7.659,8.938,1.337,1.711,7.219,-1.731,2.068,0.814,0.359,1.291,0.457,108.051,-0.049,0,off,none,-0.0,107.461,False
277,6,TP,507.269,0.901,17.33,-1,R6,100.0,0.439,0.16,-0.439,-7.247,8.994,1.223,1.643,6.807,-1.69,2.049,0.859,0.389,1.251,0.456,104.544,-0.098,0,off,none,-0.0,108.859,False
277,6,TP,507.318,0.95,17.23,-1,R6,99.375,0.437,0.196,-0.437,-6.684,9.198,1.148,1.725,6.247,-1.528,2.285,0.81,0.297,1.091,0.481,106.581,-0.18,0,off,none,-0.0,105.897,False
277,6,TP,507.367,0.999,17.15,-1,R6,98.688,0.434,0.142,-0.434,-7.541,8.409,1.15,1.745,7.107,-1.786,2.06,0.821,0.244,1.352,0.598,105.839,-0.201,0,off,none,-0.0,108.467,False
277,6,TP,507.418,1.05,17.05,-1,R6,98.0,0.431,0.067,-0.431,-7.742,7.851,1.201,1.763,7.311,-2.222,1.809,0.811,0.451,1.791,0.644,95.827,-0.197,0,off,none,-0.0,102.299,False
277,6,TP,507.469,1.101,16.97,-1,R6,98.0,0.431,0.092,-0.431,-7.917,7.045,1.227,1.579,7.476,-2.234,1.727,0.862,0.498,1.803,0.581,89.178,-0.173,0,off,none,-0.0,104.269,False
277,6,TP,507.517,1.149,16.87,-1,R6,97.188,0.427,0.309,-0.427,-6.842,6.861,1.204,1.236,6.415,-1.6,2.276,0.729,0.285,1.173,0.672,83.558,0.062,0,off,none,-0.0,101.163,False
277,6,TP,507.568,1.2,16.83,-1,R6,96.5,0.377,0.074,-0.377,-6.692,7.139,1.184,1.311,6.315,-1.804,2.154,0.829,0.417,1.427,0.619,82.66,-0.086,0,off,none,-0.0,103.642,False
277,6,TP,507.618,1.25,16.74,-1,R6,95.875,0.281,-0.351,-0.281,-7.621,7.078,1.276,1.51,7.34,-2.119,1.874,0.777,0.478,1.838,0.578,88.825,-0.35,0,off,none,-0.0,97.338,False
277,6,TP,507.667,1.3,16.66,-1,R6,95.875,0.281,-0.076,-0.281,-7.641,8.691,1.255,2.007,7.36,-2.007,1.945,0.854,0.545,1.726,0.683,95.024,-0.032,0,off,none,-0.0,96.946,False
277,6,TP,507.718,1.35,16.56,-1,R6,95.0,0.325,0.087,-0.325,-7.731,8.14,1.338,1.455,7.406,-1.927,2.001,0.818,0.494,1.603,0.559,98.439,-0.047,0,off,none,-0.0,101.583,False
277,6,TP,507.767,1.399,16.46,-1,R6,93.812,0.366,0.128,-0.366,-7.042,8.573,1.418,1.289,6.675,-1.788,2.14,0.763,0.442,1.422,0.661,86.161,0.023,0,off,none,-0.0,100.531,False
277,6,TP,507.818,1.45,16.39,-1,R6,92.312,0.406,-0.086,-0.406,-6.306,8.457,1.33,1.188,5.901,-1.699,2.296,0.51,0.417,1.293,0.674,71.578,-0.07,0,off,none,-0.0,94.021,False
277,6,TP,507.868,1.5,16.28,-1,R6,92.312,0.406,0.048,-0.406,-6.776,7.951,1.389,1.161,6.371,-1.861,2.232,0.583,0.489,1.455,0.687,75.955,-0.008,0,off,none,-0.0,94.736,False
277,6,TP,507.918,1.55,16.24,-1,R6,90.625,0.398,0.075,-0.398,-7.235,8.52,1.213,1.359,6.836,-1.862,2.124,0.757,0.394,1.463,0.54,97.662,-0.144,0,off,none,-0.0,97.065,False
277,6,TP,507.966,1.599,16.16,-1,R6,89.0,0.348,0.084,-0.348,-7.184,7.894,1.25,1.345,6.836,-1.93,1.974,0.513,0.235,1.582,0.59,98.064,-0.075,0,off,none,-0.0,97.685,False
277,6,TP,508.02,1.652,16.09,-1,R6,87.562,0.299,-0.015,-0.299,-6.865,8.383,1.29,1.583,6.566,-1.914,2.062,0.561,0.344,1.614,0.744,90.779,-0.145,0,off,none,-0.0,91.364,False
277,6,TP,508.069,1.701,16.02,-1,R6,87.562,0.299,-0.062,-0.299,-7.281,8.118,1.411,1.641,6.981,-2.053,1.83,0.656,0.312,1.753,0.715,92.591,-0.14,0,off,none,-0.0,89.551,False
277,6,TP,508.118,1.751,15.95,-1,R6,86.438,0.295,0.032,-0.295,-7.015,8.814,1.292,1.489,6.72,-1.827,2.12,0.701,0.363,1.531,0.723,94.609,-0.113,0,off,none,-0.0,93.874,False
277,6,TP,508.168,1.8,15.9,-1,R6,85.062,0.249,0.003,-0.249,-7.315,8.634,1.252,1.404,7.066,-1.839,2.175,0.806,0.361,1.59,0.704,92.783,0.007,0,off,none,-0.0,92.515,False
277,6,TP,508.219,1.851,15.82,-1,R6,83.812,0.286,nan,-0.286,-7.385,8.321,1.39,1.406,7.098,-1.617,2.292,0.771,0.475,1.331,0.757,85.816,0.003,0,off,none,-0.0,83.009,False
277,6,TP,508.266,1.899,15.76,-1,R6,83.812,0.286,0.045,-0.286,-7.071,7.997,1.367,1.419,6.785,-1.424,2.55,0.766,0.408,1.138,0.687,89.879,0.08,0,off,none,-0.0,87.151,False
277,6,TP,508.318,1.951,15.72,-1,R6,82.375,0.282,0.085,-0.282,-7.5,8.156,1.326,1.327,7.219,-1.625,2.438,0.857,0.529,1.343,0.545,93.62,0.076,0,off,none,0.0,90.211,False
28b,14,TP,357.991,0.0,19.63,-1,R14,97.75,0.334,-0.304,-0.334,-5.861,8.109,0.978,1.08,5.527,-2.165,1.196,0.309,0.846,1.53,0.634,96.955,-0.296,0,off,none,-0.0,107.736,True
28b,14,TP,358.04,0.049,19.53,-1,R14,96.75,0.331,-0.263,-0.331,-6.277,8.189,1.039,1.222,5.946,-2.09,1.238,0.304,0.835,1.569,0.708,100.244,-0.343,0,off,none,-0.0,112.453,True
28b,14,TP,358.09,0.1,19.38,-1,R14,95.625,0.28,-0.262,-0.28,-5.829,8.012,1.026,1.078,5.549,-2.02,1.291,0.338,0.871,1.571,0.76,96.631,-0.358,0,off,none,-0.0,105.633,True
28b,14,TP,358.142,0.151,19.3,-1,R14,94.438,0.231,-0.43,-0.231,-4.802,7.841,0.869,1.285,4.571,-2.147,1.038,0.335,0.875,1.269,0.717,97.799,-0.537,0,off,none,-0.0,102.04,True
28b,14,TP,358.192,0.201,19.19,-1,R14,94.438,0.231,-0.307,-0.231,-4.525,7.834,0.876,1.166,4.295,-1.957,1.257,0.503,0.9,1.487,0.819,89.994,-0.37,0,off,none,-0.0,103.924,True
28b,14,TP,358.24,0.25,19.14,-1,R14,93.438,0.228,-0.324,-0.228,-4.63,7.874,0.905,1.378,4.401,-1.926,1.24,0.632,0.94,1.468,0.856,79.731,-0.327,0,off,none,-0.0,102.423,True
28b,14,TP,358.291,0.3,19.06,-1,R14,92.312,0.135,-0.454,-0.135,-3.658,7.987,0.863,1.574,3.522,-1.911,1.244,0.424,0.945,1.379,0.824,73.867,-0.225,0,off,none,-0.0,104.532,True
28b,14,TP,358.342,0.351,19.01,-1,R14,91.188,0.089,-0.512,-0.089,-3.544,7.771,0.843,1.535,3.455,-1.997,1.139,0.319,0.904,1.228,0.792,80.769,-0.397,0,off,none,-0.0,104.608,True
28b,14,TP,358.391,0.401,18.93,-1,R14,91.188,0.089,-0.424,-0.089,-4.121,7.798,0.755,1.461,4.032,-1.922,1.399,0.201,0.803,1.488,0.831,83.676,-0.35,0,off,none,-0.0,92.373,True
28b,14,TP,358.442,0.451,18.85,-1,R14,90.125,0.0,-0.345,-0.0,-3.492,8.556,0.671,1.398,3.492,-1.547,1.74,0.145,0.831,1.547,0.899,82.899,-0.097,0,off,none,-0.0,101.887,True
28b,14,TP,358.493,0.502,18.74,-1,R14,88.875,-0.043,-0.42,0.043,-4.19,8.531,1.031,1.405,4.233,-1.871,1.569,0.108,0.886,1.526,0.839,93.157,-0.167,0,off,none,-0.0,102.51,True
28b,14,TP,358.542,0.551,18.62,-1,R14,87.625,-0.043,-0.312,0.043,-3.885,8.304,1.113,1.317,3.928,-1.645,1.788,0.117,0.896,1.688,0.795,91.891,-0.04,0,off,none,-0.0,101.76,True
28b,14,TP,358.59,0.599,18.54,-1,R14,87.625,-0.043,-0.394,0.043,-3.552,8.107,0.833,1.166,3.595,-1.747,1.547,0.137,0.92,1.504,0.762,86.121,-0.085,0,off,none,-0.0,89.434,True
28b,14,TP,358.64,0.649,18.42,-1,R14,86.375,0.0,-0.23,-0.0,-5.205,8.269,1.101,1.189,5.205,-1.807,1.567,0.177,0.897,1.567,0.863,86.743,-0.15,0,off,none,-0.0,97.837,True
28b,14,TP,358.692,0.701,18.35,-1,R14,85.438,-0.042,-0.197,0.042,-4.784,8.017,1.08,1.127,4.826,-1.691,1.581,0.197,0.929,1.539,0.903,85.657,-0.136,0,off,none,-0.0,97.508,True
28b,14,TP,358.743,0.752,18.21,-1,R14,84.375,-0.124,-0.351,0.124,-4.662,7.192,1.112,1.008,4.786,-1.684,1.53,0.317,0.93,1.406,0.902,80.741,-0.168,0,off,none,-0.0,92.391,True
28b,14,TP,358.792,0.802,18.12,-1,R14,84.375,-0.124,-0.27,0.124,-4.411,7.962,1.043,1.159,4.534,-1.62,1.654,0.25,0.936,1.531,0.892,82.143,-0.057,0,off,none,-0.0,89.23,True
28b,14,TP,358.842,0.852,17.96,-1,R14,83.125,-0.162,-0.194,0.162,-4.651,8.246,1.138,1.313,4.814,-1.553,1.834,0.305,0.965,1.671,0.88,80.669,0.054,0,off,none,-0.0,87.481,True
28b,14,TP,358.892,0.901,17.92,-1,R14,82.188,-0.161,-0.18,0.161,-5.296,8.265,1.207,1.136,5.457,-1.639,1.892,0.403,0.928,1.732,0.881,83.487,0.131,0,off,none,-0.0,87.198,True
28b,14,TP,358.941,0.951,17.83,-1,R14,81.25,-0.159,-0.189,0.159,-4.994,8.288,1.03,1.093,5.153,-1.631,1.898,0.394,0.906,1.74,0.888,82.039,0.206,0,off,none,-0.0,86.441,True
28b,14,TP,358.991,1.0,17.75,-1,R14,81.25,-0.159,-0.255,0.159,-5.465,8.428,1.033,1.093,5.624,-1.766,1.867,0.388,0.899,1.708,0.871,83.386,0.159,0,off,none,-0.0,84.944,True
28b,14,TP,359.04,1.049,17.65,-1,R14,80.562,-0.157,-0.21,0.157,-5.59,8.64,1.04,1.195,5.747,-1.795,1.812,0.38,0.894,1.655,0.81,86.302,0.138,0,off,none,-0.0,88.91,True
28b,14,TP,359.092,1.101,17.54,-1,R14,79.688,-0.156,-0.192,0.156,-5.014,8.877,0.91,1.406,5.169,-1.734,1.871,0.42,0.912,1.716,0.79,83.489,0.162,0,off,none,-0.0,81.181,True
28b,14,TP,359.141,1.15,17.47,-1,R14,78.625,-0.154,-0.226,0.154,-4.849,8.314,0.864,1.279,5.003,-1.684,1.873,0.428,0.924,1.719,0.84,83.233,0.168,0,off,none,-0.0,80.931,True
28b,14,TP,359.192,1.202,17.34,-1,R14,78.625,-0.154,-0.294,0.154,-4.467,8.529,0.823,1.172,4.62,-1.801,1.782,0.369,0.934,1.628,0.894,88.375,0.119,0,off,none,-0.0,89.81,True
28b,14,TP,359.242,1.252,17.22,-1,R14,77.562,-0.189,-0.292,0.189,-4.914,9.046,0.788,1.325,5.104,-1.789,1.845,0.445,0.947,1.656,0.868,86.732,0.239,0,off,none,-0.0,88.145,True
28b,14,TP,359.293,1.302,17.09,-1,R14,76.562,-0.224,-0.258,0.224,-3.925,8.718,0.712,1.21,4.149,-1.599,1.969,0.203,0.925,1.745,0.85,82.978,0.298,0,off,none,-0.0,82.357,True
28b,14,TP,359.343,1.352,16.97,-1,R14,75.625,-0.222,-0.243,0.222,-4.429,8.114,0.725,1.091,4.651,-1.79,1.806,0.367,0.963,1.585,0.855,87.47,0.13,0,off,none,-0.0,86.044,True
28b,14,TP,359.392,1.402,16.89,-1,R14,75.625,-0.222,-0.227,0.222,-4.49,8.475,0.816,1.076,4.711,-1.596,1.972,0.21,0.959,1.75,0.902,84.809,0.195,0,off,none,-0.0,83.938,True
28b,14,TP,359.44,1.45,16.78,-1,R14,74.562,-0.218,-0.183,0.218,-3.086,8.63,0.588,1.136,3.305,-1.487,1.878,0.285,0.951,1.66,0.904,76.227,0.247,0,off,none,-0.0,81.656,True
28b,14,TP,359.491,1.5,16.71,-1,R14,73.875,-0.253,-0.138,0.253,-2.878,8.691,0.74,1.222,3.131,-1.291,2.085,0.359,0.943,1.543,0.908,70.428,0.363,0,off,none,-0.0,74.937,True
28b,14,TP,359.543,1.552,16.62,-1,R14,73.0,-0.285,-0.191,0.285,-3.483,8.677,0.865,1.115,3.768,-1.418,2.019,0.377,0.969,1.703,0.902,75.813,0.151,0,off,none,-0.0,77.68,True
28b,14,TP,359.592,1.602,16.52,-1,R14,73.0,-0.285,-0.245,0.285,-4.101,8.441,0.727,1.085,4.387,-1.616,1.985,0.163,0.952,1.7,0.9,77.783,0.143,0,off,none,-0.0,75.049,True
28b,14,TP,359.641,1.65,16.4,-1,R14,72.25,-0.282,-0.226,0.282,-3.715,8.282,0.664,1.106,3.997,-1.711,1.943,0.101,0.966,1.66,0.898,76.42,0.248,0,off,none,-0.0,74.704,True
28b,14,TP,359.693,1.703,16.31,-1,R14,71.375,-0.314,-0.229,0.314,-3.969,8.318,0.717,1.275,4.282,-1.623,2.008,0.185,0.96,1.695,0.877,77.499,0.301,0,off,none,-0.0,74.336,True
28b,14,TP,359.743,1.752,16.21,-1,R14,70.375,-0.344,-0.191,0.344,-3.982,8.531,0.79,1.317,4.326,-1.649,1.991,0.227,0.95,1.647,0.888,74.519,0.234,0,off,none,-0.0,74.341,True
28b,14,TP,359.79,1.8,16.11,-1,R14,70.375,-0.344,-0.214,0.344,-3.948,8.594,0.88,1.15,4.292,-1.619,1.966,0.26,0.939,1.623,0.919,76.693,0.22,0,off,none,-0.0,76.134,True
28b,14,TP,359.842,1.852,16.04,-1,R14,69.438,-0.339,-0.163,0.339,-4.829,8.656,1.131,1.166,5.168,-1.615,1.966,0.327,0.942,1.627,0.912,77.588,0.24,0,off,none,-0.0,73.879,True
28b,14,TP,359.892,1.901,15.94,-1,R14,68.562,-0.335,-0.165,0.335,-3.925,9.078,0.838,1.354,4.26,-1.638,1.907,0.216,0.915,1.572,0.903,76.955,0.306,0,off,none,-0.0,73.843,True
28b,14,TP,359.942,1.952,15.85,-1,R14,68.562,-0.335,-0.121,0.335,-5.02,9.081,1.151,1.356,5.354,-1.591,1.963,0.236,0.928,1.628,0.885,71.63,0.283,0,off,none,-0.0,69.579,True
297,56,TP (leadOne already R56),1078.786,0.0,2.84,-1,R56,13.062,-0.217,-0.16,0.217,-7.82,5.942,1.913,0.955,5.725,-1.711,2.043,0.69,0.651,1.826,1.0,14.191,0.127,0,off,none,0.001,51.779,True
297,56,TP (leadOne already R56),1078.836,0.05,2.8,-1,R56,13.062,-0.217,-0.155,0.217,-7.688,5.856,1.862,0.896,5.639,-1.721,2.005,0.649,0.572,1.788,1.0,13.916,0.121,0,off,none,0.001,50.238,True
297,56,TP (leadOne already R56),1078.886,0.1,2.75,-1,R56,12.812,-0.263,-0.205,0.263,-7.612,5.658,1.794,0.832,5.395,-1.743,2.007,0.671,0.575,1.744,1.0,13.573,0.128,0,off,none,0.001,53.135,True
297,56,TP (leadOne already R56),1078.934,0.148,2.7,-1,R56,12.625,-0.259,-0.201,0.259,-7.76,6.02,1.771,0.887,5.761,-1.727,2.066,0.71,0.662,1.807,1.0,13.291,0.129,0,off,none,0.001,49.409,True
297,56,TP (leadOne already R56),1078.985,0.199,2.67,-1,R56,11.812,-0.162,-0.107,0.162,-7.984,5.928,1.761,0.874,5.767,-1.766,2.074,0.742,0.67,1.913,1.0,13.253,0.139,0,off,none,0.001,47.317,True
297,56,TP (leadOne already R56),1079.036,0.25,2.63,-1,R56,11.75,-0.161,-0.097,0.161,-7.827,5.552,1.705,0.818,5.391,-1.72,2.033,0.735,0.684,1.872,1.0,13.083,0.131,0,off,none,0.001,47.375,True
297,56,TP (leadOne already R56),1079.085,0.299,2.59,-1,R56,11.75,-0.161,-0.093,0.161,-7.823,5.596,1.596,0.803,5.436,-1.721,2.026,0.796,0.673,1.865,1.0,12.873,0.12,0,off,none,0.001,50.184,True
297,56,TP (leadOne already R56),1079.136,0.35,2.53,-1,R56,11.562,-0.158,-0.1,0.158,-8.049,5.428,1.618,0.759,5.269,-1.763,2.018,0.795,0.697,1.86,1.0,12.991,0.121,0,off,none,0.001,51.4,True
297,56,TP (leadOne already R56),1079.186,0.4,2.48,-1,R56,11.438,-0.156,-0.098,0.156,-7.634,5.667,1.644,0.841,5.511,-1.724,1.996,0.75,0.633,1.84,1.0,12.475,0.166,0,off,none,0.001,46.655,True
297,56,TP (leadOne already R56),1079.237,0.451,2.44,-1,R56,11.438,-0.156,-0.104,0.156,-7.86,5.674,1.708,0.908,5.518,-1.77,2.021,0.727,0.598,1.864,1.0,12.831,0.117,0,off,none,0.002,50.695,True
297,56,TP (leadOne already R56),1079.286,0.501,2.39,-1,R56,11.25,-0.159,-0.097,0.159,-7.985,5.797,1.618,0.875,5.638,-1.759,2.009,0.74,0.628,1.85,1.0,12.583,0.117,0,off,none,0.002,46.734,True
297,56,TP (leadOne already R56),1079.336,0.55,2.34,-1,R56,11.125,-0.158,-0.083,0.158,-8.198,5.782,1.741,0.922,5.625,-1.716,2.023,0.703,0.592,1.866,1.0,12.676,0.136,0,off,none,0.002,48.582,True
297,56,TP (leadOne already R56),1079.386,0.6,2.28,-1,R56,10.938,-0.155,-0.075,0.155,-8.005,5.611,1.7,0.845,5.456,-1.73,2.021,0.7,0.609,1.866,1.0,12.501,0.128,0,off,none,0.001,46.252,True
297,56,TP (leadOne already R56),1079.436,0.65,2.22,-1,R56,11.438,-0.251,-0.182,0.251,-8.002,5.334,1.691,0.78,5.083,-1.756,2.016,0.727,0.61,1.764,1.0,12.265,0.123,0,off,none,0.001,43.67,True
297,56,TP (leadOne already R56),1079.487,0.701,2.16,-1,R56,11.438,-0.251,-0.195,0.251,-7.812,5.409,1.601,0.718,5.157,-1.741,2.031,0.754,0.614,1.779,1.0,12.2,0.096,0,off,none,0.001,42.972,True
297,56,TP (leadOne already R56),1079.536,0.75,2.11,-1,R56,11.375,-0.25,-0.194,0.25,-7.737,5.07,1.644,0.724,4.82,-1.702,1.991,0.696,0.603,1.741,1.0,12.323,0.099,0,off,none,0.001,46.863,True
297,56,TP (leadOne already R56),1079.586,0.8,2.05,-1,R56,11.25,-0.253,-0.181,0.253,-7.642,5.128,1.641,0.77,4.875,-1.751,1.99,0.674,0.575,1.738,1.0,12.321,0.108,0,off,none,0.002,48.295,True
297,56,TP (leadOne already R56),1079.636,0.85,2.02,-1,R56,11.25,-0.253,-0.175,0.253,-7.455,5.058,1.628,0.789,4.805,-1.705,1.997,0.608,0.542,1.744,1.0,12.204,0.119,0,off,none,0.002,44.343,True
297,56,TP (leadOne already R56),1079.686,0.9,1.99,-1,R56,11.125,-0.25,-0.182,0.25,-7.333,5.212,1.621,0.783,4.962,-1.67,2.041,0.646,0.55,1.791,1.0,12.029,0.128,0,off,none,0.001,43.717,True
297,56,TP (leadOne already R56),1079.736,0.95,1.97,-1,R56,11.0,-0.247,-0.185,0.247,-7.345,5.368,1.622,0.817,5.12,-1.696,2.046,0.654,0.574,1.799,1.0,11.927,0.095,0,off,none,0.001,50.031,True
297,56,TP (leadOne already R56),1079.786,1.0,1.94,-1,R56,11.0,-0.247,-0.192,0.247,-7.24,5.397,1.605,0.819,5.15,-1.713,1.98,0.67,0.578,1.733,1.0,11.889,0.09,0,off,none,0.002,48.292,True
297,56,TP (leadOne already R56),1079.836,1.05,1.92,-1,R56,10.938,-0.251,-0.182,0.251,-7.218,5.235,1.69,0.877,4.984,-1.658,2.016,0.565,0.442,1.765,1.0,11.916,0.111,0,off,none,0.002,47.254,True
297,56,TP (leadOne already R56),1079.887,1.101,1.91,-1,R56,10.812,-0.248,-0.184,0.248,-6.95,5.405,1.635,0.903,5.157,-1.698,1.972,0.628,0.555,1.724,1.0,12.042,0.118,0,off,none,0.002,48.752,True
297,56,TP (leadOne already R56),1079.936,1.15,1.91,-1,R56,10.625,-0.249,-0.187,0.249,-6.67,5.588,1.498,0.878,5.339,-1.697,1.97,0.661,0.594,1.721,1.0,11.53,0.104,0,off,none,0.002,44.378,True
297,56,TP (leadOne already R56),1079.985,1.199,1.91,-1,R56,10.625,-0.249,-0.19,0.249,-6.616,5.61,1.587,0.924,5.361,-1.696,1.957,0.606,0.557,1.708,1.0,11.451,0.102,0,off,none,0.002,45.057,True
297,56,TP (leadOne already R56),1080.035,1.249,1.91,-1,R56,10.5,-0.251,-0.187,0.251,-6.355,5.697,1.407,0.909,5.445,-1.696,1.977,0.64,0.54,1.726,1.0,11.577,0.136,0,off,none,0.002,41.984,False
297,56,TP (leadOne already R56),1080.085,1.299,1.89,-1,R56,10.375,-0.248,-0.172,0.248,-6.735,5.667,1.523,0.933,5.418,-1.766,1.994,0.603,0.446,1.745,1.0,11.377,0.136,0,off,none,0.001,46.925,False
297,56,TP (leadOne already R56),1080.134,1.348,1.83,-1,R56,10.25,-0.25,-0.195,0.25,-6.296,5.594,1.449,0.931,5.344,-1.758,1.993,0.657,0.532,1.743,1.0,10.983,0.122,0,off,none,0.001,42.75,False
297,56,TP (leadOne already R56),1080.185,1.399,1.79,-1,R56,10.062,-0.241,-0.182,0.241,-6.628,5.403,1.59,0.942,5.162,-1.768,1.929,0.65,0.474,1.689,1.0,11.003,0.139,0,off,none,0.001,46.937,False
297,56,TP (leadOne already R56),1080.236,1.45,1.77,-1,R56,10.062,-0.241,-0.189,0.241,-6.821,5.48,1.592,0.935,5.239,-1.785,1.954,0.651,0.457,1.713,1.0,11.051,0.107,0,off,none,0.001,43.969,False
297,56,TP (leadOne already R56),1080.285,1.499,1.77,-1,R56,9.938,-0.243,-0.174,0.243,-7.229,5.491,1.708,0.869,5.249,-1.725,1.938,0.699,0.497,1.696,1.0,10.683,0.118,0,off,none,0.001,48.361,False
297,56,TP (leadOne already R56),1080.339,1.553,1.76,-1,R56,9.812,-0.235,-0.174,0.235,-7.547,5.412,1.768,0.87,5.177,-1.768,1.901,0.706,0.52,1.666,1.0,10.892,0.09,0,off,none,0.001,50.922,False
297,56,TP (leadOne already R56),1080.384,1.598,1.76,-1,R56,9.812,-0.235,-0.169,0.235,-7.522,5.491,1.796,0.861,5.257,-1.773,1.93,0.677,0.513,1.695,1.0,10.885,0.106,0,off,none,0.001,49.635,False
297,56,TP (leadOne already R56),1080.436,1.65,1.77,-1,R56,9.688,-0.237,-0.177,0.237,-7.478,5.537,1.866,0.865,5.3,-1.731,1.934,0.617,0.481,1.697,1.0,10.716,0.108,0,off,none,0.001,47.013,False
297,56,TP (leadOne already R56),1080.487,1.701,1.77,-1,R56,9.562,-0.229,-0.169,0.229,-7.375,5.569,1.817,0.857,5.34,-1.741,1.932,0.625,0.478,1.703,1.0,10.458,0.105,0,off,none,0.001,50.203,False
297,56,TP (leadOne already R56),1080.536,1.75,1.77,-1,R56,9.438,-0.23,-0.17,0.23,-7.614,5.529,1.84,0.854,5.299,-1.749,1.943,0.615,0.452,1.713,1.0,10.414,0.088,0,off,none,0.001,51.86,False
297,56,TP (leadOne already R56),1080.586,1.8,1.77,-1,R56,9.312,-0.232,-0.164,0.232,-7.665,5.33,1.756,0.801,5.098,-1.746,1.913,0.641,0.468,1.681,1.0,10.493,0.107,0,off,none,0.001,53.632,False
297,56,TP (leadOne already R56),1080.636,1.85,1.78,-1,R56,9.312,-0.232,-0.177,0.232,-7.414,5.345,1.718,0.86,5.113,-1.667,1.87,0.624,0.439,1.638,1.0,10.414,0.123,0,off,none,0.001,53.203,False
297,56,TP (leadOne already R56),1080.687,1.901,1.77,-1,R56,9.25,-0.235,-0.18,0.235,-7.421,5.162,1.798,0.846,4.927,-1.712,1.847,0.568,0.385,1.612,1.0,10.219,0.143,0,off,none,0.001,53.668,False
297,56,TP (leadOne already R56),1080.737,1.951,1.75,-1,R56,9.125,-0.232,-0.183,0.232,-7.278,4.83,1.765,0.826,4.598,-1.679,1.837,0.538,0.368,1.605,1.0,10.17,0.114,0,off,none,0.001,52.423,False
