route,tid,inc,t0,t1,d_max,d_min,conf_rows,med_abs_y,vEgo_med,n_nc,nc_ratio_med,u11_ratio_med_unrailed,railed_rows,nc_err_med_railed,u11_err_med_railed,lead_ever,stock_acc,op_long
0000020c--4712c9cce5,20,3,228.55,234.13,51.8,9.1,46,2.941,7.06,53,1.155,1.116,0,,,0,0,0
0000020c--4712c9cce5,22,10,590.45,593.79,85.0,54.9,14,7.216,8.972,50,0.578,1.082,0,,,0,0,0
0000020c--4712c9cce5,60,8,589.17,592.79,66.6,43.1,21,6.399,6.992,41,1.863,1.071,0,,,0,0,0
00000232--3a01619ce5,1,10,1378.39,1383.09,45.9,11.3,32,4.813,7.885,71,0.933,1.088,0,,,0,0,0
00000232--3a01619ce5,3,9,1153.04,1156.61,50.2,30.5,26,6.747,6.219,54,0.689,0.868,0,,,0,0,1
00000232--3a01619ce5,9,8,1243.11,1246.06,25.5,10.3,16,2.767,5.865,45,0.979,1.066,0,,,0,0,1
00000232--3a01619ce5,11,11,1282.25,1287.15,50.9,13.8,17,1.433,6.94,46,1.049,1.109,0,,,1,0,1
00000232--3a01619ce5,21,14,1364.68,1367.44,26.9,7.1,19,3.471,7.488,42,0.853,1.082,0,,,0,0,0
00000232--3a01619ce5,40,7,1101.01,1105.97,126.3,59.1,14,5.672,14.467,75,0.796,,75,2.985,1.039,0,0,1
00000232--3a01619ce5,41,9,1235.1,1238.67,42.2,21.9,26,0.251,6.129,21,1.132,1.108,0,,,1,0,1
00000236--60bfb34cb1,2,3,689.27,693.77,123.6,94.4,12,19.078,7.03,68,1.368,1.081,0,,,0,0,1
00000236--60bfb34cb1,12,18,1495.69,1498.31,90.2,49.6,12,9.145,15.302,40,0.854,,37,2.22,1.966,0,0,0
00000236--60bfb34cb1,14,1,83.52,86.21,58.4,45.0,13,8.522,5.302,41,0.773,1.092,0,,,0,0,0
00000236--60bfb34cb1,46,1,127.23,133.56,81.8,43.4,26,15.024,7.409,94,0.892,1.102,0,,,0,0,1
00000236--60bfb34cb1,48,3,614.25,616.81,71.6,35.4,16,12.12,15.068,39,0.911,0.852,37,1.292,1.586,0,0,1
00000236--60bfb34cb1,59,3,411.5,421.17,121.3,17.6,44,0.037,10.443,115,1.038,1.11,51,1.302,1.128,2,0,1
00000245--1356bb0355,17,2,186.28,189.77,86.7,41.4,25,15.729,13.894,53,0.832,,42,2.467,0.324,0,0,1
00000245--1356bb0355,28,12,1045.85,1052.5,70.4,10.2,34,0.416,10.194,71,1.029,1.111,0,,,1,0,1
00000258--626242f48b,14,6,2958.08,2961.15,73.2,31.1,19,3.507,13.885,47,0.905,,34,0.99,0.622,0,0,1
00000258--626242f48b,26,8,2893.19,2900.38,78.0,21.7,66,0.586,7.694,83,1.181,1.112,0,,,1,0,1
00000258--626242f48b,43,12,3691.05,3697.36,79.1,12.9,29,5.764,9.827,95,0.921,1.096,0,,,0,0,1
0000025e--919b58ab81,6,1,170.98,176.14,63.8,26.4,24,3.076,7.94,78,0.841,1.115,0,,,0,1,0
0000025e--919b58ab81,33,2,144.91,148.41,83.0,15.8,16,6.674,18.899,53,1.044,,53,-0.832,5.383,0,1,0
0000026b--92b1979afa,16,14,2795.95,2799.24,57.8,20.6,21,0.366,11.645,50,0.953,1.099,0,,,0,0,0
0000026b--92b1979afa,45,12,2683.22,2690.67,104.7,38.8,34,5.929,9.308,112,0.836,1.095,0,,,0,0,0
0000026b--92b1979afa,48,2,902.27,905.24,36.0,5.4,22,2.612,10.499,45,0.999,1.094,0,,,0,0,1
0000026b--92b1979afa,50,12,2679.73,2682.75,96.2,70.8,18,6.004,9.212,46,0.666,1.095,0,,,0,0,0
0000026b--92b1979afa,51,4,1753.44,1758.47,74.1,27.1,48,6.918,8.718,76,0.707,1.087,0,,,0,0,1
0000026b--92b1979afa,55,5,1509.89,1512.58,79.2,20.2,18,8.022,22.077,41,0.762,,41,5.264,8.587,0,0,1
00000271--4e9b9502db,12,17,1933.0,1935.69,45.6,28.9,13,5.783,5.502,11,1.256,1.119,0,,,0,0,0
00000271--4e9b9502db,15,1,445.43,448.39,36.2,12.8,27,5.007,7.923,45,0.874,1.092,0,,,0,0,0
00000271--4e9b9502db,29,1,458.92,462.9,37.9,12.3,32,5.317,6.869,60,0.918,1.078,0,,,0,0,0
00000271--4e9b9502db,48,1,473.23,482.7,67.2,7.2,60,3.41,6.751,127,0.938,1.099,0,,,0,0,0
00000271--4e9b9502db,49,14,1929.85,1935.89,72.6,25.2,38,2.569,7.896,66,1.158,1.114,0,,,0,0,0
00000271--4e9b9502db,52,6,1108.17,1113.55,59.1,15.9,12,0.107,7.547,18,1.478,1.122,0,,,1,0,0
00000271--4e9b9502db,53,8,1508.26,1512.63,62.1,30.1,29,3.787,7.718,45,1.011,1.121,0,,,0,1,0
00000271--4e9b9502db,60,3,701.15,703.85,67.5,29.0,13,6.577,14.158,41,0.948,1.12,24,1.464,2.01,0,1,0
00000271--4e9b9502db,63,4,703.51,710.5,60.1,6.4,56,2.25,8.36,77,1.064,1.111,0,,,0,1,0
00000277--2f5fd64a58,6,6,510.28,516.45,55.9,16.2,19,0.307,6.872,86,0.964,0.806,0,,,1,0,0
00000277--2f5fd64a58,13,13,2183.24,2189.08,50.0,7.0,24,3.235,7.848,58,0.983,1.11,0,,,0,1,0
00000277--2f5fd64a58,20,21,2322.39,2327.28,43.5,12.1,24,0.155,6.987,54,0.906,0.72,0,,,1,0,0
00000277--2f5fd64a58,36,19,2318.9,2322.79,88.4,46.0,25,10.126,11.502,59,0.863,1.105,0,,,0,0,0
00000277--2f5fd64a58,42,13,2252.07,2254.82,83.2,29.6,14,8.531,19.902,42,0.907,,42,1.843,6.404,0,1,0
00000277--2f5fd64a58,52,3,320.1,323.65,31.1,11.4,26,2.8,5.979,41,1.083,1.112,0,,,0,0,0
00000283--fe4e75f88b,17,16,1041.58,1047.43,81.9,37.7,60,2.621,7.508,88,0.931,1.105,0,,,0,0,1
00000283--fe4e75f88b,22,24,1667.25,1669.93,31.6,16.8,13,3.159,6.3,34,0.858,1.096,0,,,0,0,1
00000283--fe4e75f88b,55,22,1394.73,1401.86,82.2,35.2,41,3.481,6.74,97,0.944,1.108,0,,,0,0,1
0000028b--ed67104f14,1,5,376.91,380.67,41.4,10.6,34,4.305,8.319,57,0.942,1.085,0,,,0,0,1
0000028b--ed67104f14,14,5,361.47,364.22,51.3,19.2,13,0.093,12.658,42,1.035,1.129,16,0.14,0.228,1,0,1
0000028b--ed67104f14,42,8,670.16,674.99,78.8,35.4,22,4.815,9.614,69,0.984,1.119,3,0.905,0.196,0,0,1
0000028b--ed67104f14,50,4,673.06,676.12,29.8,12.1,19,3.751,5.934,25,1.015,0.927,0,,,0,0,1
00000292--72e364dd62,16,8,1308.0,1312.22,97.5,50.6,23,16.649,10.998,64,0.72,1.109,7,7.678,0.38,0,0,0
00000292--72e364dd62,50,9,975.25,979.4,58.6,9.2,13,4.147,12.751,63,0.987,1.11,23,1.185,0.839,0,0,0
00000292--72e364dd62,56,3,324.92,328.07,31.7,8.2,19,3.364,7.371,42,1.057,1.107,0,,,0,0,0
00000293--9d152a3cdc,33,5,669.23,671.9,75.1,55.0,13,9.446,7.466,41,1.093,1.137,0,,,0,0,0
00000293--9d152a3cdc,33,19,2188.25,2191.29,52.2,27.0,18,3.474,8.538,38,0.962,1.101,0,,,0,0,1
00000293--9d152a3cdc,44,8,1112.64,1117.93,65.6,31.1,34,2.951,6.435,80,0.914,1.113,0,,,0,0,1
00000293--9d152a3cdc,60,8,1112.1,1117.86,61.6,24.3,44,0.253,6.756,66,1.078,1.111,0,,,1,0,1
00000297--f971b5896f,10,19,2240.01,2243.17,41.2,23.9,19,2.848,5.954,42,0.883,1.082,0,,,0,0,1
00000297--f971b5896f,46,33,2943.22,2946.44,28.7,10.6,31,2.886,5.264,49,0.89,1.098,0,,,0,0,1
00000297--f971b5896f,49,13,2240.69,2243.17,29.1,15.6,13,3.187,5.462,26,1.025,1.128,0,,,0,0,1
00000297--f971b5896f,56,11,1071.35,1076.94,68.9,22.7,14,0.079,8.372,72,1.02,1.112,0,,,1,0,1
00000299--cfcac519b7,4,24,1774.96,1778.38,47.9,29.1,18,3.079,5.939,52,0.834,1.101,0,,,0,1,0
00000299--cfcac519b7,13,6,335.0,337.63,56.9,18.6,17,8.147,15.561,40,0.856,,40,2.225,1.899,0,1,0
00000299--cfcac519b7,23,17,1232.77,1235.44,26.2,11.2,13,0.204,6.064,12,0.925,1.108,0,,,1,1,0
00000299--cfcac519b7,24,21,1475.24,1480.35,74.1,5.8,38,3.433,13.688,77,1.024,,70,-0.25,0.186,0,1,0
00000299--cfcac519b7,27,21,1287.89,1291.12,49.7,15.9,26,6.679,10.612,49,0.779,1.086,0,,,0,1,0
00000299--cfcac519b7,36,18,1288.16,1290.59,49.2,24.1,14,9.543,10.455,37,0.66,1.086,0,,,0,1,0
00000299--cfcac519b7,37,5,347.15,349.85,42.8,5.9,18,3.005,14.279,41,0.942,,38,0.752,0.815,0,1,0
00000299--cfcac519b7,48,20,1395.56,1398.23,87.4,50.8,13,11.236,13.376,41,0.842,1.083,16,2.486,0.564,0,1,0
00000299--cfcac519b7,52,25,1648.65,1651.4,54.3,7.9,19,4.215,16.546,42,1.028,,42,-0.456,3.045,0,1,0
00000299--cfcac519b7,59,45,3169.83,3172.25,58.8,13.8,14,5.638,17.881,37,1.1,,37,-1.79,4.379,0,1,0
